{"loss": [0.003263854654505849, 0.0021158207673579454, 0.0019361547892913222, 0.0018396229716017842, 0.0017831074073910713, 0.0017431937158107758, 0.0017088324530050159, 0.001690121367573738, 0.0016728667542338371, 0.0016531293513253331, 0.0016371987294405699, 0.0016255625523626804, 0.0016171456081792712, 0.0016039487672969699, 0.001593970344401896, 0.0015873105730861425, 0.001579149509780109, 0.001573295216076076, 0.00156611786223948, 0.001556244445964694, 0.0015518603613600135, 0.001546183368191123, 0.0015419245464727283, 0.0015368108870461583, 0.0015299470396712422, 0.0015256160404533148, 0.0015231170691549778, 0.0015174769796431065, 0.001514021772891283, 0.0015078946016728878, 0.001506055356003344, 0.001502488972619176, 0.0014968302566558123, 0.0014961136039346457, 0.0014916431391611695, 0.001486496301367879, 0.0014864159747958183, 0.0014802170917391777, 0.0014780471101403236, 0.0014753183349967003, 0.0014737743185833097, 0.0014704031636938453, 0.001468708156608045, 0.0014652615645900369, 0.0014632397796958685, 0.0014640094013884664, 0.0014545938465744257, 0.001468884525820613, 0.0014489996246993542, 0.0014504909049719572], "mean_squared_error": [0.003263854654505849, 0.0021158207673579454, 0.0019361547892913222, 0.0018396229716017842, 0.0017831074073910713, 0.0017431937158107758, 0.0017088324530050159, 0.001690121367573738, 0.0016728667542338371, 0.0016531293513253331, 0.0016371987294405699, 0.0016255625523626804, 0.0016171456081792712, 0.0016039487672969699, 0.001593970344401896, 0.0015873105730861425, 0.001579149509780109, 0.001573295216076076, 0.00156611786223948, 0.001556244445964694, 0.0015518603613600135, 0.001546183368191123, 0.0015419245464727283, 0.0015368108870461583, 0.0015299470396712422, 0.0015256160404533148, 0.0015231170691549778, 0.0015174769796431065, 0.001514021772891283, 0.0015078946016728878, 0.001506055356003344, 0.001502488972619176, 0.0014968302566558123, 0.0014961136039346457, 0.0014916431391611695, 0.001486496301367879, 0.0014864159747958183, 0.0014802170917391777, 0.0014780471101403236, 0.0014753183349967003, 0.0014737743185833097, 0.0014704031636938453, 0.001468708156608045, 0.0014652615645900369, 0.0014632397796958685, 0.0014640094013884664, 0.0014545938465744257, 0.001468884525820613, 0.0014489996246993542, 0.0014504909049719572], "val_loss": [0.0026306125801056623, 0.0019287271425127983, 0.001854379428550601, 0.0017782599898055196, 0.0017795892199501395, 0.0017561216372996569, 0.0017472478793933988, 0.0017471611499786377, 0.001759386621415615, 0.0016895490698516369, 0.0017612153897061944, 0.0017009824514389038, 0.001696389401331544, 0.0016920568887144327, 0.0017027759458869696, 0.001718408428132534, 0.0016575887566432357, 0.0016317758709192276, 0.0016518855700269341, 0.0016554160974919796, 0.0016812991816550493, 0.0016696399543434381, 0.0016510513378307223, 0.0017085670260712504, 0.0017042147228494287, 0.0016460679471492767, 0.001684653339907527, 0.0017201212467625737, 0.0016773052047938108, 0.0016605850541964173, 0.001674557919614017, 0.0016518639167770743, 0.0016791641246527433, 0.0016330047510564327, 0.0016741702565923333, 0.0016939379274845123, 0.0016077314503490925, 0.0016672960482537746, 0.0016316936817020178, 0.001667460659518838, 0.0016832181718200445, 0.0016373691614717245, 0.001640391768887639, 0.0016425418434664607, 0.0016574148321524262, 0.001702593406662345, 0.0016737678088247776, 0.001641382579691708, 0.0016742004081606865, 0.0016898054163902998], "val_mean_squared_error": [0.0026306125801056623, 0.0019287271425127983, 0.001854379428550601, 0.0017782599898055196, 0.0017795892199501395, 0.0017561216372996569, 0.0017472478793933988, 0.0017471611499786377, 0.001759386621415615, 0.0016895490698516369, 0.0017612153897061944, 0.0017009824514389038, 0.001696389401331544, 0.0016920568887144327, 0.0017027759458869696, 0.001718408428132534, 0.0016575887566432357, 0.0016317758709192276, 0.0016518855700269341, 0.0016554160974919796, 0.0016812991816550493, 0.0016696399543434381, 0.0016510513378307223, 0.0017085670260712504, 0.0017042147228494287, 0.0016460679471492767, 0.001684653339907527, 0.0017201212467625737, 0.0016773052047938108, 0.0016605850541964173, 0.001674557919614017, 0.0016518639167770743, 0.0016791641246527433, 0.0016330047510564327, 0.0016741702565923333, 0.0016939379274845123, 0.0016077314503490925, 0.0016672960482537746, 0.0016316936817020178, 0.001667460659518838, 0.0016832181718200445, 0.0016373691614717245, 0.001640391768887639, 0.0016425418434664607, 0.0016574148321524262, 0.001702593406662345, 0.0016737678088247776, 0.001641382579691708, 0.0016742004081606865, 0.0016898054163902998]}