{"loss": [0.003056624438613653, 0.002085577929392457, 0.001909434562548995, 0.001811971771530807, 0.0017580142011865973, 0.0017155974637717009, 0.0016891624545678496, 0.0016634756466373801, 0.0016476159216836095, 0.0016294426750391722, 0.0016119026113301516, 0.0016004976350814104, 0.0015869747148826718, 0.0015797896776348352, 0.0015700256917625666, 0.0015633655712008476, 0.0015556736616417766, 0.001546895713545382, 0.0015391306951642036, 0.0015325479907914996, 0.00152991630602628, 0.0015238923951983452, 0.0015208276454359293, 0.0015075023984536529, 0.0015079063596203923, 0.0015028570778667927, 0.0014990579802542925, 0.0014965926529839635, 0.0014919806271791458, 0.0014898692024871707, 0.0014820292126387358, 0.0014796252362430096, 0.0014757680473849177, 0.0014725667424499989, 0.001470981165766716, 0.0014678217703476548, 0.0014651507372036576, 0.001460999483242631, 0.0014578360132873058, 0.001455790945328772, 0.0014525529695674777, 0.0014509889297187328, 0.0014497479423880577, 0.0014452885370701551, 0.0014422128442674875, 0.0014410767471417785, 0.0014402522938326001, 0.00143809721339494, 0.0014334137085825205, 0.0014317893655970693], "mean_squared_error": [0.003056624438613653, 0.002085577929392457, 0.001909434562548995, 0.001811971771530807, 0.0017580142011865973, 0.0017155974637717009, 0.0016891624545678496, 0.0016634756466373801, 0.0016476159216836095, 0.0016294426750391722, 0.0016119026113301516, 0.0016004976350814104, 0.0015869747148826718, 0.0015797896776348352, 0.0015700256917625666, 0.0015633655712008476, 0.0015556736616417766, 0.001546895713545382, 0.0015391306951642036, 0.0015325479907914996, 0.00152991630602628, 0.0015238923951983452, 0.0015208276454359293, 0.0015075023984536529, 0.0015079063596203923, 0.0015028570778667927, 0.0014990579802542925, 0.0014965926529839635, 0.0014919806271791458, 0.0014898692024871707, 0.0014820292126387358, 0.0014796252362430096, 0.0014757680473849177, 0.0014725667424499989, 0.001470981165766716, 0.0014678217703476548, 0.0014651507372036576, 0.001460999483242631, 0.0014578360132873058, 0.001455790945328772, 0.0014525529695674777, 0.0014509889297187328, 0.0014497479423880577, 0.0014452885370701551, 0.0014422128442674875, 0.0014410767471417785, 0.0014402522938326001, 0.00143809721339494, 0.0014334137085825205, 0.0014317893655970693], "val_loss": [0.002079599304124713, 0.0019505274249240756, 0.001898761373013258, 0.0018803346902132034, 0.0017800618661567569, 0.0017596883699297905, 0.0017609016504138708, 0.0018772670300677419, 0.0017477752408012748, 0.00175687565933913, 0.0017362909857183695, 0.0016876619774848223, 0.0016919757472351193, 0.0017268455121666193, 0.0017632918898016214, 0.0017270116368308663, 0.0016814798582345247, 0.0016771836671978235, 0.0016478264005854726, 0.0016821596072986722, 0.0016764276660978794, 0.001657441956922412, 0.0016835718415677547, 0.001631382154300809, 0.001645319745875895, 0.0016413299599662423, 0.0016799768200144172, 0.0017312329728156328, 0.001651471946388483, 0.001651919330470264, 0.0017292236443609, 0.0016635357169434428, 0.0016464045038446784, 0.0016591011080890894, 0.0017164323944598436, 0.0016701858257874846, 0.0016741672297939658, 0.0016727964393794537, 0.0016986997798085213, 0.0016785713378340006, 0.001682231086306274, 0.001653524930588901, 0.0016508777625858784, 0.0017738742753863335, 0.001621754257939756, 0.0016582111129537225, 0.0016412896802648902, 0.001659886329434812, 0.001655850443057716, 0.00161448132712394], "val_mean_squared_error": [0.002079599304124713, 0.0019505274249240756, 0.001898761373013258, 0.0018803346902132034, 0.0017800618661567569, 0.0017596883699297905, 0.0017609016504138708, 0.0018772670300677419, 0.0017477752408012748, 0.00175687565933913, 0.0017362909857183695, 0.0016876619774848223, 0.0016919757472351193, 0.0017268455121666193, 0.0017632918898016214, 0.0017270116368308663, 0.0016814798582345247, 0.0016771836671978235, 0.0016478264005854726, 0.0016821596072986722, 0.0016764276660978794, 0.001657441956922412, 0.0016835718415677547, 0.001631382154300809, 0.001645319745875895, 0.0016413299599662423, 0.0016799768200144172, 0.0017312329728156328, 0.001651471946388483, 0.001651919330470264, 0.0017292236443609, 0.0016635357169434428, 0.0016464045038446784, 0.0016591011080890894, 0.0017164323944598436, 0.0016701858257874846, 0.0016741672297939658, 0.0016727964393794537, 0.0016986997798085213, 0.0016785713378340006, 0.001682231086306274, 0.001653524930588901, 0.0016508777625858784, 0.0017738742753863335, 0.001621754257939756, 0.0016582111129537225, 0.0016412896802648902, 0.001659886329434812, 0.001655850443057716, 0.00161448132712394]}