{"loss": [0.0051969727501273155, 0.002785327145829797, 0.002502711722627282, 0.002355783013626933, 0.0022650868631899357, 0.0021939766593277454, 0.0021372963674366474, 0.002093105809763074, 0.0020586089231073856, 0.0020250966772437096, 0.001998751889914274, 0.0019753240048885345, 0.0019561019726097584, 0.001936600892804563, 0.0019249084871262312, 0.0019077368779107928, 0.0018982847686856985, 0.0018830741755664349, 0.00187336141243577, 0.0018636113964021206, 0.0018523815087974072, 0.0018469271017238498, 0.0018375256331637502, 0.001828299369663, 0.001823428669013083, 0.0018167597008869052, 0.001809741952456534, 0.0018038800917565823, 0.0017976030940189958, 0.0017930262256413698, 0.0017869024304673076, 0.0017825517570599914, 0.001777535304427147, 0.0017719585448503494, 0.00176889484282583, 0.0017639950383454561, 0.0017603558953851461, 0.0017571717035025358, 0.0017521446570754051, 0.0017505056457594037, 0.0017474679043516517, 0.0017429266590625048, 0.001740009756758809, 0.0017365942476317286, 0.001736107049509883, 0.0017315872246399522, 0.0017279722960665822, 0.0017255079001188278, 0.0017229159129783511, 0.001720593892969191], "mean_squared_error": [0.0051969727501273155, 0.002785327145829797, 0.002502711722627282, 0.002355783013626933, 0.0022650868631899357, 0.0021939766593277454, 0.0021372963674366474, 0.002093105809763074, 0.0020586089231073856, 0.0020250966772437096, 0.001998751889914274, 0.0019753240048885345, 0.0019561019726097584, 0.001936600892804563, 0.0019249084871262312, 0.0019077368779107928, 0.0018982847686856985, 0.0018830741755664349, 0.00187336141243577, 0.0018636113964021206, 0.0018523815087974072, 0.0018469271017238498, 0.0018375256331637502, 0.001828299369663, 0.001823428669013083, 0.0018167597008869052, 0.001809741952456534, 0.0018038800917565823, 0.0017976030940189958, 0.0017930262256413698, 0.0017869024304673076, 0.0017825517570599914, 0.001777535304427147, 0.0017719585448503494, 0.00176889484282583, 0.0017639950383454561, 0.0017603558953851461, 0.0017571717035025358, 0.0017521446570754051, 0.0017505056457594037, 0.0017474679043516517, 0.0017429266590625048, 0.001740009756758809, 0.0017365942476317286, 0.001736107049509883, 0.0017315872246399522, 0.0017279722960665822, 0.0017255079001188278, 0.0017229159129783511, 0.001720593892969191], "val_loss": [0.0029510606545954943, 0.002498343586921692, 0.002464949619024992, 0.0022402212489396334, 0.0021926392801105976, 0.002159298863261938, 0.002083242405205965, 0.00207773270085454, 0.002043387619778514, 0.002007116563618183, 0.0020063656847923994, 0.0019837755244225264, 0.001961307367309928, 0.0019632631447166204, 0.0019872875418514013, 0.0019213618943467736, 0.001963578397408128, 0.0019137593917548656, 0.0019221240654587746, 0.0019169257720932364, 0.0018991888500750065, 0.0018876636167988181, 0.0018834954826161265, 0.0018874086672440171, 0.0018877870170399547, 0.0018637458560988307, 0.0018695434555411339, 0.001873580738902092, 0.0018710857257246971, 0.0018820652039721608, 0.0018691360019147396, 0.0018535511335358024, 0.0018543886253610253, 0.0018348140874877572, 0.0018645289819687605, 0.0018329507438465953, 0.0018446421017870307, 0.0018278667703270912, 0.001828355947509408, 0.0018486558692529798, 0.0018580734031274915, 0.0018369199242442846, 0.0018450709758326411, 0.0018130098469555378, 0.0018293517641723156, 0.0018047444755211473, 0.001826268038712442, 0.0018239265773445368, 0.0018092796672135592, 0.0018108532531186938], "val_mean_squared_error": [0.0029510606545954943, 0.002498343586921692, 0.002464949619024992, 0.0022402212489396334, 0.0021926392801105976, 0.002159298863261938, 0.002083242405205965, 0.00207773270085454, 0.002043387619778514, 0.002007116563618183, 0.0020063656847923994, 0.0019837755244225264, 0.001961307367309928, 0.0019632631447166204, 0.0019872875418514013, 0.0019213618943467736, 0.001963578397408128, 0.0019137593917548656, 0.0019221240654587746, 0.0019169257720932364, 0.0018991888500750065, 0.0018876636167988181, 0.0018834954826161265, 0.0018874086672440171, 0.0018877870170399547, 0.0018637458560988307, 0.0018695434555411339, 0.001873580738902092, 0.0018710857257246971, 0.0018820652039721608, 0.0018691360019147396, 0.0018535511335358024, 0.0018543886253610253, 0.0018348140874877572, 0.0018645289819687605, 0.0018329507438465953, 0.0018446421017870307, 0.0018278667703270912, 0.001828355947509408, 0.0018486558692529798, 0.0018580734031274915, 0.0018369199242442846, 0.0018450709758326411, 0.0018130098469555378, 0.0018293517641723156, 0.0018047444755211473, 0.001826268038712442, 0.0018239265773445368, 0.0018092796672135592, 0.0018108532531186938]}