{"loss": [0.005768917500972748, 0.003000697586685419, 0.0026182755827903748, 0.0024478777777403593, 0.0023325954098254442, 0.002251764526590705, 0.0021834401413798332, 0.002134685404598713, 0.002090072026476264, 0.002058368641883135, 0.0020300692413002253, 0.002001493237912655, 0.001980419969186187, 0.001961366506293416, 0.0019451288972049952, 0.0019280518172308803, 0.0019126327242702246, 0.0019012816483154893, 0.0018902351148426533, 0.001878106500953436, 0.0018690266879275441, 0.001859063864685595, 0.0018508112989366055, 0.0018428609473630786, 0.001835031434893608, 0.0018289993749931455, 0.0018228061962872744, 0.0018155716825276613, 0.0018086492782458663, 0.0018045267788693309, 0.0017996728420257568, 0.0017947681481018662, 0.001791243557818234, 0.0017843247624114156, 0.0017806421965360641, 0.0017755761509761214, 0.0017702773911878467, 0.0017679084558039904, 0.0017630568472668529, 0.0017586826579645276, 0.0017563599394634366, 0.001752659329213202, 0.001748081878758967, 0.0017464134143665433, 0.001741493702866137, 0.001738898572511971, 0.001735820434987545, 0.0017335510347038507, 0.001730431686155498, 0.0017284239875152707], "mean_squared_error": [0.005768917500972748, 0.003000697586685419, 0.0026182755827903748, 0.0024478777777403593, 0.0023325954098254442, 0.002251764526590705, 0.0021834401413798332, 0.002134685404598713, 0.002090072026476264, 0.002058368641883135, 0.0020300692413002253, 0.002001493237912655, 0.001980419969186187, 0.001961366506293416, 0.0019451288972049952, 0.0019280518172308803, 0.0019126327242702246, 0.0019012816483154893, 0.0018902351148426533, 0.001878106500953436, 0.0018690266879275441, 0.001859063864685595, 0.0018508112989366055, 0.0018428609473630786, 0.001835031434893608, 0.0018289993749931455, 0.0018228061962872744, 0.0018155716825276613, 0.0018086492782458663, 0.0018045267788693309, 0.0017996728420257568, 0.0017947681481018662, 0.001791243557818234, 0.0017843247624114156, 0.0017806421965360641, 0.0017755761509761214, 0.0017702773911878467, 0.0017679084558039904, 0.0017630568472668529, 0.0017586826579645276, 0.0017563599394634366, 0.001752659329213202, 0.001748081878758967, 0.0017464134143665433, 0.001741493702866137, 0.001738898572511971, 0.001735820434987545, 0.0017335510347038507, 0.001730431686155498, 0.0017284239875152707], "val_loss": [0.003404920222237706, 0.0026087909936904907, 0.0024077072739601135, 0.0022914570290595293, 0.002218112349510193, 0.002161770360544324, 0.002114490605890751, 0.0021025349851697683, 0.0020551146008074284, 0.002094973111525178, 0.0020324653014540672, 0.0019916279707103968, 0.0020006850827485323, 0.0019660675898194313, 0.0019758192356675863, 0.002004416426643729, 0.001950083184055984, 0.001915746834129095, 0.001935765496455133, 0.0019519368652254343, 0.0019160793162882328, 0.0019034416181966662, 0.0019291490316390991, 0.0019279135158285499, 0.001881074858829379, 0.0019317083060741425, 0.001887426944449544, 0.0018913930980488658, 0.0018474248936399817, 0.0018556718714535236, 0.0018558813026174903, 0.0018755884375423193, 0.001847296953201294, 0.0018453344237059355, 0.0018428530311211944, 0.0018458152189850807, 0.0018384059658274055, 0.001814421615563333, 0.001852463698014617, 0.001826735446229577, 0.0018064157338812947, 0.0018753900658339262, 0.0018087028292939067, 0.0018133085686713457, 0.0018384309951215982, 0.0017985246377065778, 0.0018447698093950748, 0.0018260795623064041, 0.0018287311540916562, 0.0017982906429097056], "val_mean_squared_error": [0.003404920222237706, 0.0026087909936904907, 0.0024077072739601135, 0.0022914570290595293, 0.002218112349510193, 0.002161770360544324, 0.002114490605890751, 0.0021025349851697683, 0.0020551146008074284, 0.002094973111525178, 0.0020324653014540672, 0.0019916279707103968, 0.0020006850827485323, 0.0019660675898194313, 0.0019758192356675863, 0.002004416426643729, 0.001950083184055984, 0.001915746834129095, 0.001935765496455133, 0.0019519368652254343, 0.0019160793162882328, 0.0019034416181966662, 0.0019291490316390991, 0.0019279135158285499, 0.001881074858829379, 0.0019317083060741425, 0.001887426944449544, 0.0018913930980488658, 0.0018474248936399817, 0.0018556718714535236, 0.0018558813026174903, 0.0018755884375423193, 0.001847296953201294, 0.0018453344237059355, 0.0018428530311211944, 0.0018458152189850807, 0.0018384059658274055, 0.001814421615563333, 0.001852463698014617, 0.001826735446229577, 0.0018064157338812947, 0.0018753900658339262, 0.0018087028292939067, 0.0018133085686713457, 0.0018384309951215982, 0.0017985246377065778, 0.0018447698093950748, 0.0018260795623064041, 0.0018287311540916562, 0.0017982906429097056]}